City_ID,City,Country,Lat,Lng,Max Temp,Humidity,Cloudiness,Wind Speed,Current Description
0,Severo-Kurilsk,RU,50.6789,156.125,11.24,73,95,1.14,overcast clouds
1,Lai,TD,9.3952,16.2989,22.82,86,100,2.54,overcast clouds
2,Haimen,CN,23.1935,116.6142,27.94,80,100,5.59,light rain
3,Qaanaaq,GL,77.484,-69.3632,-0.12,77,38,2.24,scattered clouds
4,Iqaluit,CA,63.7506,-68.5145,0.85,80,75,5.66,broken clouds
5,Punta Arenas,CL,-53.15,-70.9167,1.06,75,75,7.2,broken clouds
6,Busselton,AU,-33.65,115.3333,19.19,78,5,11.26,clear sky
7,Kaitangata,NZ,-46.2817,169.8464,6.97,72,11,1.64,few clouds
8,Russell,US,32.3502,-85.1999,29.78,94,0,0.0,clear sky
9,Port Elizabeth,ZA,-33.918,25.5701,9.16,71,0,1.03,clear sky
10,Southampton,GB,50.904,-1.4043,15.67,74,90,0.45,overcast clouds
11,Dikson,RU,73.5069,80.5464,-0.19,95,100,4.74,overcast clouds
12,Kursumlija,RS,43.1458,21.2686,15.4,70,65,0.94,broken clouds
13,Goderich,CA,43.7501,-81.7165,20.51,64,22,2.57,few clouds
14,Sambava,MG,-14.2667,50.1667,20.55,84,9,1.53,clear sky
15,Kodiak,US,57.79,-152.4072,13.73,72,100,3.6,overcast clouds
16,Avarua,CK,-21.2078,-159.775,25.03,73,57,2.06,broken clouds
17,Kapaa,US,22.0752,-159.319,26.99,86,100,5.14,overcast clouds
18,Albany,US,42.6001,-73.9662,19.54,86,100,2.9,overcast clouds
19,Mabaruma,GY,8.2,-59.7833,22.3,99,99,1.15,overcast clouds
20,Ilulissat,GL,69.2167,-51.1,3.01,87,100,2.06,overcast clouds
21,Hobart,AU,-42.8794,147.3294,11.92,84,75,4.12,light rain
22,Liuzhou,CN,24.3126,109.3892,27.04,87,100,3.58,overcast clouds
23,Lebu,CL,-37.6167,-73.65,10.13,87,97,3.38,overcast clouds
24,Zhigansk,RU,66.7697,123.3711,15.36,43,5,8.08,clear sky
25,Ushuaia,AR,-54.8,-68.3,-1.19,86,20,2.57,few clouds
26,Anadyr,RU,64.75,177.4833,17.28,48,0,9.0,clear sky
27,Port Hedland,AU,-20.3167,118.5667,30.03,21,75,6.17,broken clouds
28,Hvide Sande,DK,56.0045,8.1294,11.16,80,95,3.85,overcast clouds
29,Alta Gracia,AR,-31.6529,-64.4283,6.05,50,30,1.74,scattered clouds
30,Hermanus,ZA,-34.4187,19.2345,11.0,47,34,2.65,scattered clouds
31,Vaini,TO,-21.2,-175.2,26.09,78,40,4.12,scattered clouds
32,Cape Town,ZA,-33.9258,18.4232,15.23,51,0,6.17,clear sky
33,Rikitea,PF,-23.1203,-134.9692,22.59,65,47,1.37,scattered clouds
34,Chokurdakh,RU,70.6333,147.9167,9.41,51,78,5.19,broken clouds
35,Cockburn Town,TC,21.4612,-71.1419,27.48,80,77,6.7,broken clouds
36,Cuenca,EC,-2.8833,-78.9833,11.07,82,51,1.54,broken clouds
37,Glencoe,ZA,-28.1783,30.147,1.23,44,6,1.75,clear sky
38,Nikolskoye,RU,59.7035,30.7861,12.71,77,100,2.9,overcast clouds
39,Georgetown,MY,5.4112,100.3354,30.97,74,40,3.6,scattered clouds
40,Saint-Philippe,RE,-21.3585,55.7679,22.77,75,4,4.34,clear sky
41,Esperance,AU,-33.8667,121.9,21.76,61,0,7.62,clear sky
42,Mataura,NZ,-46.1927,168.8643,7.49,84,6,0.72,clear sky
43,Hithadhoo,MV,-0.6,73.0833,27.71,75,99,4.87,overcast clouds
44,Hasaki,JP,35.7333,140.8333,27.38,78,100,4.93,overcast clouds
45,Stende,LV,57.15,22.5333,11.7,88,17,1.46,few clouds
46,Caravelas,BR,-17.7125,-39.2481,19.99,80,0,1.6,clear sky
47,Bluff,NZ,-46.6,168.3333,7.67,67,9,1.13,clear sky
48,Barinas,VE,8.6226,-70.2075,24.02,100,88,0.51,overcast clouds
49,Boda,CF,4.3189,17.4695,20.36,97,100,1.09,light rain
50,Hilo,US,19.7297,-155.09,25.85,77,0,2.57,clear sky
51,Mozarlandia,BR,-14.7447,-50.5706,22.96,47,9,1.23,clear sky
52,Bonavista,CA,48.6499,-53.1147,8.67,88,2,5.43,clear sky
53,Jamestown,US,42.097,-79.2353,24.29,89,0,4.12,clear sky
54,Uige,AO,-7.6087,15.0613,14.91,72,50,1.59,scattered clouds
55,New Norfolk,AU,-42.7826,147.0587,11.72,87,100,1.1,overcast clouds
56,Kawambwa,ZM,-9.7915,29.0791,12.16,65,3,2.13,clear sky
57,Priiskovyy,RU,51.9333,116.6333,27.34,29,75,0.75,broken clouds
58,Kampong Cham,KH,11.9934,105.4635,32.75,58,89,3.23,overcast clouds
59,Bandarbeyla,SO,9.4942,50.8122,27.29,64,93,10.37,overcast clouds
60,Hualmay,PE,-11.0964,-77.6139,16.29,83,23,5.91,few clouds
61,Bengkulu,ID,-3.8004,102.2655,28.15,70,100,1.78,overcast clouds
62,Ferrol,ES,43.4832,-8.2369,18.53,87,55,0.81,broken clouds
63,Gorontalo,ID,0.5412,123.0595,31.04,61,11,2.28,few clouds
64,Norman Wells,CA,65.282,-126.8329,17.02,36,20,5.66,few clouds
65,Barrow,US,71.2906,-156.7887,8.01,76,75,5.66,broken clouds
66,Tilichiki,RU,60.4667,166.1,8.95,69,100,5.44,overcast clouds
67,Los Llanos De Aridane,ES,28.6585,-17.9182,17.86,82,20,4.63,few clouds
68,Ponta Do Sol,PT,32.6667,-17.1,19.84,75,27,1.61,scattered clouds
69,Khatanga,RU,71.9667,102.5,17.25,58,100,5.07,light rain
70,Weligama,LK,5.9667,80.4167,28.35,72,100,4.84,overcast clouds
71,Illela,NG,13.7292,5.2975,25.14,73,97,5.62,moderate rain
72,Zavodouspenskoye,RU,56.8626,65.0155,23.12,59,17,1.45,few clouds
73,Lima,PE,-12.0432,-77.0282,15.14,82,0,3.6,clear sky
74,Geraldton,AU,-28.7667,114.6,23.23,78,75,11.32,broken clouds
75,Kande,TG,9.9578,1.0447,21.67,94,100,1.71,overcast clouds
76,Antalaha,MG,-14.9003,50.2788,20.05,84,5,1.16,clear sky
77,Arraial Do Cabo,BR,-22.9661,-42.0278,20.3,78,0,7.76,clear sky
78,Kamaishi,JP,39.2667,141.8833,21.53,78,100,4.14,overcast clouds
79,Atuona,PF,-9.8,-139.0333,25.52,70,0,8.73,clear sky
80,Puerto Ayora,EC,-0.7393,-90.3518,21.42,96,75,1.79,broken clouds
81,Victoria,HK,22.2855,114.1577,30.74,83,100,7.6,light rain
82,Simbahan,PH,6.3032,120.5836,28.33,73,76,2.45,broken clouds
83,Port Hardy,CA,50.6996,-127.4199,13.1,76,75,1.54,light intensity shower rain
84,Pevek,RU,69.7008,170.3133,1.18,79,14,3.99,few clouds
85,Havoysund,NO,70.9963,24.6622,5.13,81,100,4.83,overcast clouds
86,Mahanoro,MG,-19.9,48.8,19.62,93,18,2.24,light rain
87,East London,ZA,-33.0153,27.9116,12.33,42,86,3.51,overcast clouds
88,Alofi,NU,-19.0595,-169.9187,25.94,83,80,6.17,broken clouds
89,Kavaratti,IN,10.5669,72.642,28.03,77,98,5.74,overcast clouds
90,Tuatapere,NZ,-46.1333,167.6833,5.85,86,7,0.35,clear sky
91,Longyearbyen,SJ,78.2186,15.6401,3.91,87,75,4.12,broken clouds
92,Hopewell,US,37.3043,-77.2872,25.08,83,100,2.3,overcast clouds
93,Santa Maria,BR,-29.6842,-53.8069,17.29,94,100,1.84,overcast clouds
94,Sinnamary,GF,5.3833,-52.95,24.46,86,95,1.9,overcast clouds
95,Kalmunai,LK,7.4167,81.8167,27.93,71,100,2.29,overcast clouds
96,Narasannapeta,IN,18.4167,84.05,32.76,59,95,6.84,overcast clouds
97,Vostok,RU,46.4856,135.8833,22.71,47,73,0.29,broken clouds
98,Touros,BR,-5.1989,-35.4608,21.77,88,20,4.17,few clouds
99,Talnakh,RU,69.4865,88.3972,12.34,84,100,2.37,overcast clouds
100,Katsuura,JP,35.1333,140.3,24.36,79,100,7.73,light rain
101,Pisco,PE,-13.7,-76.2167,16.03,82,3,3.09,mist
102,Kaoma,ZM,-14.7833,24.8,10.42,64,2,2.38,clear sky
103,Fort Nelson,CA,58.8053,-122.7002,13.77,88,100,1.54,overcast clouds
104,Erzin,TR,36.9559,36.2,26.27,60,0,1.27,clear sky
105,Karakol,KG,42.4907,78.3936,17.83,56,0,2.83,clear sky
106,Mikhaylovka,RU,50.06,43.2379,17.66,67,2,3.84,clear sky
107,Sao Joao Da Barra,BR,-21.6403,-41.0511,19.25,80,0,3.02,clear sky
108,Kruisfontein,ZA,-34.0033,24.7314,9.38,39,91,4.61,overcast clouds
109,Saint George,US,37.1041,-113.5841,33.33,7,0,0.0,clear sky
110,Mankono,CI,8.0586,-6.1897,21.19,97,100,2.97,overcast clouds
111,Te Anau,NZ,-45.4167,167.7167,5.94,92,10,0.39,clear sky
112,Seda,LV,57.65,25.75,12.81,71,17,2.49,few clouds
113,Tagusao,PH,9.1924,117.8141,31.1,61,9,3.02,clear sky
114,Pryshyb,UA,47.2603,35.3228,20.57,47,41,2.27,scattered clouds
115,Sao Filipe,CV,14.8961,-24.4956,22.92,86,75,3.33,broken clouds
116,Guasdualito,VE,7.2424,-70.7324,25.0,94,49,2.06,scattered clouds
117,Lagoa,PT,39.05,-27.9833,18.38,89,0,3.63,clear sky
118,Lozuvatka,UA,48.0571,33.2858,20.36,49,17,1.92,few clouds
119,Lubango,AO,-14.9172,13.4925,12.75,16,40,0.34,scattered clouds
120,Alta Floresta,BR,-9.8756,-56.0861,22.3,69,39,1.11,scattered clouds
121,Zarate,AR,-34.0981,-59.0286,7.12,99,0,4.02,clear sky
122,Igunga,TZ,-4.2833,33.8833,19.55,58,53,2.63,broken clouds
123,Liberal,US,37.0431,-100.921,27.08,44,0,5.14,clear sky
124,Grindavik,IS,63.8424,-22.4338,8.97,93,100,4.12,overcast clouds
125,Santa Ines,BR,-3.6667,-45.38,22.95,88,72,0.27,broken clouds
126,Klaksvik,FO,62.2266,-6.589,11.51,99,100,11.14,moderate rain
127,Nome,US,64.5011,-165.4064,17.87,62,75,3.09,broken clouds
128,Rakiv Lis,UA,51.6217,24.9243,14.35,90,100,1.47,overcast clouds
129,Cadereyta,MX,25.5833,-99.9833,28.99,64,0,4.25,clear sky
130,Ahipara,NZ,-35.1667,173.1667,14.51,84,100,2.73,overcast clouds
131,Almaznyy,RU,48.0448,40.045,19.21,53,1,2.39,clear sky
132,Port Alfred,ZA,-33.5906,26.891,12.9,44,77,4.05,broken clouds
133,La Ronge,CA,55.1001,-105.2842,13.14,82,100,4.63,overcast clouds
134,Kahului,US,20.8947,-156.47,27.01,73,75,8.75,broken clouds
135,Payyannur,IN,12.1,75.2,29.57,67,93,1.94,overcast clouds
136,Miravci,MK,41.3078,22.435,20.28,72,0,0.55,clear sky
137,Loreto,MX,22.2667,-101.9667,15.4,74,28,9.81,scattered clouds
138,Samarai,PG,-10.6167,150.6667,27.77,77,39,4.21,moderate rain
139,Moa,CU,20.6569,-74.9403,25.83,87,100,3.99,overcast clouds
140,Leningradskiy,RU,69.3833,178.4167,3.54,70,66,2.66,broken clouds
141,Lompoc,US,34.6391,-120.4579,14.08,83,20,5.14,few clouds
142,Bethel,US,41.3712,-73.414,20.2,91,100,2.57,overcast clouds
143,Okahandja,NA,-21.9833,16.9167,9.24,45,4,3.77,clear sky
144,Lorengau,PG,-2.0226,147.2712,27.75,80,100,3.75,overcast clouds
145,Fairbanks,US,64.8378,-147.7164,23.34,50,0,3.6,clear sky
146,Cherskiy,RU,68.75,161.3,12.47,36,80,5.79,broken clouds
147,Turkan,AZ,40.3639,50.215,29.1,32,0,7.2,clear sky
148,Barao De Melgaco,BR,-16.1944,-55.9675,23.23,64,8,2.09,clear sky
149,San Juan,AR,-31.5375,-68.5364,8.48,41,0,2.58,clear sky
150,Kuytun,RU,54.3419,101.5036,16.34,84,100,2.44,overcast clouds
151,Butaritari,KI,3.0707,172.7902,28.27,73,18,6.21,few clouds
152,Ovalle,CL,-30.5983,-71.2003,9.73,85,0,0.6,clear sky
153,Mahon,ES,39.8885,4.2658,21.31,83,0,2.57,clear sky
154,Mar Del Plata,AR,-38.0023,-57.5575,1.01,100,0,2.57,fog
155,Laguna,US,38.421,-121.4238,20.25,51,0,8.23,clear sky
156,Teknaf,BD,20.8624,92.3058,27.71,82,100,3.81,overcast clouds
157,Saint-Joseph,RE,-21.3667,55.6167,22.21,68,2,1.14,clear sky
158,Thompson,CA,55.7435,-97.8558,4.09,75,20,2.06,few clouds
159,Meulaboh,ID,4.1363,96.1285,29.23,64,64,1.54,broken clouds
160,Faanui,PF,-16.4833,-151.75,26.9,68,3,7.6,clear sky
161,Nanakuli,US,21.3906,-158.1547,26.97,65,20,3.09,few clouds
162,Tayu,ID,-6.5397,111.0518,28.66,71,100,1.92,overcast clouds
163,Upernavik,GL,72.7868,-56.1549,-0.18,74,1,2.78,clear sky
164,Vila Velha,BR,-20.3297,-40.2925,17.75,90,0,0.0,clear sky
165,Belmonte,BR,-15.8631,-38.8828,20.86,78,57,2.73,broken clouds
166,Castro,BR,-24.7911,-50.0119,12.15,81,26,1.86,scattered clouds
167,Gizo,SB,-8.103,156.8419,29.41,66,21,2.69,few clouds
168,Lisala,CD,2.15,21.5167,20.46,98,95,0.31,moderate rain
169,Aklavik,CA,68.2191,-135.0107,21.34,44,29,2.8,scattered clouds
170,Codrington,AU,-38.2667,141.9667,15.13,71,90,2.49,overcast clouds
171,Port-Gentil,GA,-0.7193,8.7815,23.99,78,100,4.27,overcast clouds
172,Coquimbo,CL,-29.9533,-71.3436,9.85,93,0,3.09,clear sky
173,Kavieng,PG,-2.5744,150.7967,29.09,70,25,6.22,scattered clouds
174,San Julian,MX,21.0167,-102.1667,16.2,67,95,4.26,overcast clouds
175,Carnarvon,AU,-24.8667,113.6333,21.75,76,99,5.87,overcast clouds
176,Aksu,CN,41.1231,80.2644,30.08,14,85,3.38,overcast clouds
177,Puerto Ayacucho,VE,5.6639,-67.6236,22.79,95,97,1.2,overcast clouds
178,Narsaq,GL,60.9167,-46.05,5.12,73,77,0.56,broken clouds
179,Cabo San Lucas,MX,22.8909,-109.9124,29.61,70,84,5.59,broken clouds
180,Demidov,RU,55.2706,31.515,14.08,77,100,2.67,overcast clouds
181,Nishihara,JP,26.1842,127.7558,27.81,93,75,6.69,light rain
182,Oranjestad,AW,12.524,-70.027,27.97,78,20,9.26,few clouds
183,Honiara,SB,-9.4333,159.95,29.67,65,14,3.8,few clouds
184,Puerto Baquerizo Moreno,EC,-0.9,-89.6,21.72,87,74,5.82,broken clouds
185,Sobolevo,RU,54.4299,31.8996,12.65,92,100,2.07,overcast clouds
186,Saskylakh,RU,71.9167,114.0833,18.48,31,83,6.38,broken clouds
187,Saint-Paul,RE,-21.0096,55.2707,23.06,72,3,3.28,clear sky
188,Batagay-Alyta,RU,67.8006,130.4114,11.23,44,92,3.0,overcast clouds
189,Eureka,US,40.8021,-124.1637,13.75,81,100,1.79,overcast clouds
190,Mineral Wells,US,32.8085,-98.1128,30.78,45,0,3.09,clear sky
191,Isangel,VU,-19.55,169.2667,26.46,84,92,5.41,overcast clouds
192,Tiksi,RU,71.6872,128.8694,1.59,77,15,3.22,few clouds
193,Godda,IN,24.8333,87.2167,36.41,38,58,4.9,broken clouds
194,Sahuaripa,MX,29.05,-109.2333,30.12,46,100,1.59,overcast clouds
195,Ribeira Grande,PT,38.5167,-28.7,19.25,88,0,1.89,clear sky
196,Calatayud,ES,41.3535,-1.6432,22.63,55,85,1.3,overcast clouds
197,Tiznit,MA,29.5833,-9.5,19.9,54,0,0.64,clear sky
198,Yellowknife,CA,62.456,-114.3525,14.29,54,20,4.12,few clouds
199,Fuling,CN,29.7022,107.3919,30.28,51,96,1.38,overcast clouds
200,Praia,CV,14.9215,-23.5087,23.3,78,75,4.12,broken clouds
201,Torbay,CA,47.6666,-52.7314,8.65,85,0,2.57,clear sky
202,Bambous Virieux,MU,-20.3428,57.7575,22.9,94,20,1.54,few clouds
203,Petropavlovsk-Kamchatskiy,RU,53.0452,158.6483,14.33,67,20,7.0,few clouds
204,Magadan,RU,59.5667,150.8,10.85,90,100,0.64,overcast clouds
205,Port Lincoln,AU,-34.7333,135.8667,15.48,62,0,4.46,clear sky
206,Panjab,AF,34.388,67.0233,17.18,30,0,5.67,clear sky
207,Bull Savanna,JM,17.8868,-77.5902,24.81,77,100,0.82,overcast clouds
208,Ambon,ID,-3.6954,128.1814,32.08,66,40,2.57,scattered clouds
209,Ozernovskiy,RU,51.5,156.5167,10.64,76,42,1.6,scattered clouds
210,Carmo Do Rio Claro,BR,-20.9719,-46.1189,12.75,74,0,0.78,clear sky
211,Bonfim,BR,3.0833,-59.95,23.09,89,48,0.95,moderate rain
212,Adeje,ES,28.1227,-16.726,19.62,73,20,4.12,few clouds
213,Calabozo,VE,8.9242,-67.4293,22.77,92,7,0.68,clear sky
214,Bad Lauterberg,DE,51.6327,10.4703,12.28,79,84,0.85,broken clouds
215,Kantang,TH,7.4054,99.5156,31.66,99,40,1.03,scattered clouds
216,Bosaso,SO,11.2842,49.1816,35.99,32,0,8.23,clear sky
217,Richards Bay,ZA,-28.783,32.0377,11.48,65,28,2.65,scattered clouds
218,Lasa,IT,46.6166,10.7002,16.49,80,39,2.68,scattered clouds
219,Polson,US,47.6936,-114.1632,17.65,87,94,1.56,overcast clouds
220,Muros,ES,42.7762,-9.0603,17.69,95,82,1.07,broken clouds
221,Palmares,BR,-8.6833,-35.5917,21.03,93,100,1.98,overcast clouds
222,Kerrville,US,30.0474,-99.1403,29.18,43,0,5.14,clear sky
223,Borba,BR,-4.3878,-59.5939,23.95,83,95,0.8,overcast clouds
224,Hamadan,IR,34.7992,48.5146,20.49,23,0,1.03,clear sky
225,Kudahuvadhoo,MV,2.6708,72.8944,28.93,71,100,3.62,overcast clouds
226,Kapuskasing,CA,49.4169,-82.4331,16.05,77,100,6.69,overcast clouds
227,Sur,OM,22.5667,59.5289,35.34,48,46,1.14,scattered clouds
228,Cidreira,BR,-30.1811,-50.2056,17.57,82,100,4.79,overcast clouds
229,Dali,CN,25.7,100.1833,20.62,73,100,2.99,overcast clouds
230,Nyaunglebin,MM,17.95,96.7333,30.25,68,100,1.98,overcast clouds
231,Bathsheba,BB,13.2167,-59.5167,27.34,78,40,8.23,scattered clouds
232,Champerico,GT,14.3,-91.9167,24.04,91,100,3.99,overcast clouds
233,Belaya Gora,RU,68.5333,146.4167,15.02,41,99,6.02,overcast clouds
234,A Coruna,ES,43.3713,-8.396,18.65,88,52,2.06,broken clouds
235,Santiago Del Estero,AR,-27.7951,-64.2615,12.05,36,56,4.58,broken clouds
236,North Bend,US,43.4065,-124.2243,13.81,87,0,2.57,clear sky
237,Naze,JP,28.3667,129.4833,22.51,95,100,1.03,light rain
238,Saldanha,ZA,-33.0117,17.9442,14.03,77,22,5.5,few clouds
239,Sulangan,PH,11.1373,123.7228,29.31,69,23,2.11,few clouds
240,Airai,TL,-8.9266,125.4092,20.26,73,56,1.86,broken clouds
241,Ust-Shonosha,RU,61.1531,41.343,14.37,74,16,5.05,few clouds
242,Salalah,OM,17.0151,54.0924,30.05,89,75,3.09,broken clouds
243,Elizabeth City,US,36.2946,-76.2511,25.01,86,0,4.63,clear sky
244,Ostrovnoy,RU,68.0531,39.5131,4.66,98,100,7.68,overcast clouds
245,Provideniya,RU,64.3833,-173.3,6.06,81,0,6.0,clear sky
246,Bredasdorp,ZA,-34.5322,20.0403,10.13,45,64,2.72,broken clouds
247,Meaford,CA,44.6001,-80.583,21.18,65,12,4.34,few clouds
248,Sorland,NO,67.667,12.6934,8.92,78,99,3.66,overcast clouds
249,Kedougou,SN,12.5579,-12.1743,26.48,76,100,0.52,overcast clouds
250,Hambantota,LK,6.1241,81.1185,28.19,89,75,2.57,broken clouds
251,Buala,SB,-8.145,159.5921,28.51,74,70,4.41,light rain
252,Tuktoyaktuk,CA,69.4541,-133.0374,13.0,47,20,5.66,few clouds
253,Payo,ID,-3.7508,103.6372,31.69,55,84,1.11,broken clouds
254,Canico,PT,32.6333,-16.85,19.84,87,20,4.12,few clouds
255,Havre-Saint-Pierre,CA,50.2334,-63.5986,14.2,77,100,3.6,overcast clouds
256,Boyolangu,ID,-8.1181,111.8935,29.1,72,16,2.41,light rain
257,Vila Franca Do Campo,PT,37.7167,-25.4333,20.11,93,15,2.08,few clouds
258,Nurlat,RU,54.4277,50.8051,17.23,79,51,3.06,broken clouds
259,Indramayu,ID,-6.3264,108.32,27.55,74,100,1.16,moderate rain
260,Madimba,TZ,-10.4,40.3333,21.82,90,10,3.43,clear sky
261,Mandalgovi,MN,45.7625,106.2708,26.7,28,24,2.22,few clouds
262,Moose Factory,CA,51.2585,-80.6094,15.0,94,100,5.14,light rain
263,Lincoln,US,40.8,-96.667,20.65,94,100,3.09,overcast clouds
264,Hami,CN,42.8,93.45,32.0,21,93,1.94,overcast clouds
265,Padang,ID,-0.9492,100.3543,28.03,72,88,2.63,overcast clouds
266,Sao Manuel,BR,-22.7311,-48.5706,13.84,70,0,1.53,clear sky
267,Kralendijk,BQ,12.15,-68.2667,27.13,84,75,10.14,broken clouds
268,Pokhara,NP,28.2333,83.9833,28.22,64,43,1.95,scattered clouds
269,Stolin,BY,51.8912,26.846,14.78,79,100,2.33,overcast clouds
270,Ketchikan,US,55.3422,-131.6461,14.26,77,0,6.69,clear sky
271,Shingu,JP,33.7333,135.9833,27.67,58,100,3.1,light rain
272,Jever,DE,53.5833,7.9,12.23,93,40,1.54,scattered clouds
273,The Pas,CA,53.8251,-101.2541,14.01,72,100,3.6,overcast clouds
274,Alyangula,AU,-13.8483,136.4192,26.91,60,88,5.9,overcast clouds
275,Ancud,CL,-41.8697,-73.8203,5.13,76,12,1.71,few clouds
276,Hofn,IS,64.2539,-15.2082,8.61,82,100,6.74,light rain
277,Berdigestyakh,RU,62.0989,126.6992,20.35,32,4,3.01,clear sky
278,Swidwin,PL,53.7746,15.7767,16.64,88,81,3.77,broken clouds
279,Frontera,MX,26.9333,-101.45,30.74,38,1,4.02,clear sky
280,Abha,SA,18.2164,42.5053,21.14,35,0,0.0,clear sky
281,Mana,GF,5.6592,-53.7767,24.14,89,95,2.01,overcast clouds
282,El Alto,PE,-4.2714,-81.2147,16.6,77,42,7.47,scattered clouds
283,Roma,US,43.2128,-75.4557,22.75,90,0,2.06,clear sky
284,Prado,BR,-17.3411,-39.2208,18.44,86,7,2.02,clear sky
285,Pacific Grove,US,36.6177,-121.9166,14.5,85,40,6.69,scattered clouds
286,Biak,ID,-0.9131,122.8766,26.4,80,53,2.62,broken clouds
287,Tadine,NC,-21.55,167.8833,25.09,86,97,3.54,moderate rain
288,Mount Isa,AU,-20.7333,139.5,24.87,25,0,5.14,clear sky
289,Pontian Kecil,MY,1.4801,103.3899,30.18,69,100,0.65,overcast clouds
290,Kloulklubed,PW,7.0419,134.2556,28.28,66,91,1.39,overcast clouds
291,Misratah,LY,32.3754,15.0925,23.63,72,0,0.99,clear sky
292,Olinda,BR,-8.0089,-34.8553,22.85,83,75,4.12,broken clouds
293,Biswan,IN,27.5,81.0,38.38,33,0,3.61,clear sky
294,Tamboril,DO,19.4854,-70.611,21.9,94,75,0.0,broken clouds
295,Sioux Lookout,CA,50.1001,-91.917,15.04,82,20,4.12,few clouds
296,Luderitz,NA,-26.6481,15.1594,12.26,74,0,2.8,clear sky
297,Bairiki,KI,1.3292,172.9752,30.0,70,20,4.12,few clouds
298,Mildura,AU,-34.2,142.15,13.37,71,91,3.36,overcast clouds
299,Ascension,US,30.2169,-90.9001,25.56,97,0,0.0,clear sky
300,Bowen,AU,-20.0167,148.2333,23.54,65,33,7.34,scattered clouds
301,Caxito,AO,-8.5785,13.6643,16.28,98,32,1.32,scattered clouds
302,Arkhangelsk,RU,64.5401,40.5433,15.06,72,75,3.0,broken clouds
303,Karratha,AU,-20.7377,116.8463,27.61,34,95,7.1,light rain
304,Bedi,IN,22.5,70.05,32.59,59,96,5.13,overcast clouds
305,Mankachar,IN,25.5333,89.8667,26.87,88,100,5.12,heavy intensity rain
306,Srednekolymsk,RU,67.45,153.6833,19.99,21,17,4.45,few clouds
307,Chuy,UY,-33.6971,-53.4616,12.33,97,100,1.4,overcast clouds
308,Whitehorse,CA,60.7161,-135.0538,21.43,30,40,2.57,scattered clouds
309,Andros,GR,37.8333,24.9333,22.31,68,0,5.81,clear sky
310,Kindu,CD,-2.95,25.95,20.96,77,48,0.46,scattered clouds
311,Agua Dulce,MX,18.1333,-94.1333,24.9,88,6,4.37,clear sky
312,Maceio,BR,-9.6658,-35.7353,21.69,94,75,2.57,broken clouds
313,San Vicente,AR,-26.6167,-54.1333,15.72,94,67,2.87,moderate rain
314,Coihaique,CL,-45.5752,-72.0662,3.97,60,20,3.09,few clouds
315,Kapit,MY,2.0167,112.9333,31.87,59,83,1.11,broken clouds
316,Lokoja,NG,7.8024,6.743,22.4,95,100,0.72,overcast clouds
317,Ligayan,PH,4.6533,119.4706,28.16,73,64,1.0,broken clouds
318,Terrace,CA,54.5163,-128.6035,12.95,76,100,3.6,light rain
319,Zhob,PK,31.3411,69.4481,31.75,24,0,1.42,clear sky
320,Oarai,JP,36.3167,140.6,27.41,83,100,1.72,moderate rain
321,Skibbereen,IE,51.55,-9.2667,15.62,96,86,4.02,overcast clouds
322,La Macarena,CO,2.1837,-73.7849,20.77,94,32,0.49,scattered clouds
323,Aurangabad,IN,19.8833,75.3333,28.47,60,98,1.26,overcast clouds
324,Fonte Boa,BR,-2.4959,-66.2662,21.52,99,100,0.46,overcast clouds
325,Shenjiamen,CN,29.9576,122.298,23.64,91,97,6.12,overcast clouds
326,Zhangye,CN,38.9342,100.4517,33.33,11,60,1.9,broken clouds
327,Lata,PT,40.1629,-8.3327,15.31,96,55,0.56,broken clouds
328,Rawson,AR,-43.3002,-65.1023,6.53,73,77,16.6,light rain
329,Fortuna,US,40.5982,-124.1573,13.14,84,0,1.54,clear sky
330,Pincher Creek,CA,49.4833,-113.952,16.06,77,75,2.06,broken clouds
331,Lermontovka,RU,47.1453,134.3383,21.91,86,87,3.06,overcast clouds
332,Mirabad,AF,30.4362,61.8383,36.56,15,1,10.07,clear sky
333,Guerrero Negro,MX,27.9769,-114.0611,17.67,85,0,5.6,clear sky
334,Consuelo,PH,10.6348,124.301,29.23,67,9,1.5,clear sky
335,Labuhan,ID,-6.8844,112.2051,30.31,67,79,3.87,light rain
336,Poum,NC,-20.2333,164.0167,26.31,79,88,5.96,overcast clouds
337,Fare,PF,-16.7,-151.0167,26.29,77,12,7.53,light rain
338,San Cristobal,VE,7.7669,-72.225,23.1,97,62,0.98,broken clouds
339,Amos,CA,48.5669,-78.1162,15.66,93,70,5.01,broken clouds
340,Nizwa,OM,22.9333,57.5333,38.18,25,60,0.79,broken clouds
341,Jalingo,NG,8.8833,11.3667,22.05,96,100,2.64,light rain
342,Metz,FR,49.1191,6.1727,17.66,63,0,2.06,clear sky
343,Marsh Harbour,BS,26.5412,-77.0636,26.91,77,4,1.76,clear sky
344,Erechim,BR,-27.6342,-52.2739,13.5,95,86,3.02,overcast clouds
345,Bakel,SN,14.905,-12.4568,29.6,45,75,5.8,broken clouds
346,Catuday,PH,16.2923,119.8062,29.56,68,85,3.32,heavy intensity rain
347,San Quintin,MX,30.4833,-115.95,16.94,85,1,2.28,clear sky
348,Lavrentiya,RU,65.5833,-171.0,6.44,74,7,3.67,clear sky
349,Port Macquarie,AU,-31.4333,152.9167,20.5,49,1,3.26,clear sky
350,Flinders,AU,-34.5833,150.8552,18.99,58,54,2.68,broken clouds
351,Mahebourg,MU,-20.4081,57.7,22.36,94,20,1.54,few clouds
352,Kieta,PG,-6.2167,155.6333,28.5,70,81,1.79,broken clouds
353,Mahajanga,MG,-15.7167,46.3167,20.01,100,20,1.54,few clouds
354,Gambiran,ID,-6.7988,111.4951,29.89,65,96,2.82,overcast clouds
355,Constitucion,CL,-35.3333,-72.4167,8.69,83,48,3.13,scattered clouds
356,Suzhou,CN,31.3114,120.6181,34.54,32,36,2.66,scattered clouds
357,Myitkyina,MM,25.3833,97.4,23.11,99,100,0.88,overcast clouds
358,Beloha,MG,-25.1667,45.05,18.64,52,76,3.55,broken clouds
359,Sumenep,ID,-7.0167,113.8667,29.39,73,91,4.87,overcast clouds
360,Walvis Bay,NA,-22.9575,14.5053,12.53,66,3,1.03,clear sky
361,Marrakesh,MA,31.6315,-8.0083,20.04,73,0,2.57,clear sky
362,Kotelnich,RU,58.3089,48.348,17.76,66,66,2.99,broken clouds
363,Staphorst,NL,52.645,6.2111,16.09,80,91,2.66,overcast clouds
364,Dingle,PH,10.9995,122.6711,31.57,63,73,2.94,broken clouds
365,Husavik,IS,66.0449,-17.3389,10.89,68,100,2.73,overcast clouds
366,Port-Cartier,CA,50.0334,-66.8654,14.12,91,100,3.23,overcast clouds
367,Yumen,CN,40.2833,97.2,31.7,13,74,7.71,broken clouds
368,Labytnangi,RU,66.6572,66.4183,16.67,42,92,2.77,overcast clouds
369,Sivas,TR,39.7916,37.0019,14.35,82,0,0.51,clear sky
370,Mehamn,NO,71.0357,27.8492,4.95,87,75,2.57,broken clouds
371,Gigmoto,PH,13.7796,124.39,30.26,69,94,2.62,overcast clouds
372,Tucumcari,US,35.1717,-103.725,29.91,20,0,5.66,clear sky
373,Gangapur,IN,26.4833,76.7167,37.72,35,0,5.12,clear sky
374,Aswan,EG,24.0934,32.907,26.61,38,0,3.09,clear sky
375,Batemans Bay,AU,-35.7167,150.1833,15.61,69,81,4.31,broken clouds
376,Tocopilla,CL,-22.092,-70.1979,13.39,66,16,1.2,few clouds
377,Loudeac,FR,48.1783,-2.7543,19.77,62,95,1.15,overcast clouds
378,Banda Aceh,ID,5.5577,95.3222,29.53,69,54,3.44,broken clouds
379,Valley City,US,46.9233,-98.0032,16.29,94,0,3.09,clear sky
380,Port Augusta,AU,-32.5,137.7667,18.11,41,0,0.84,clear sky
381,High Level,CA,58.5169,-117.136,17.06,59,75,4.12,broken clouds
382,Bilma,NE,18.6853,12.9164,30.28,25,15,5.19,few clouds
383,Mimongo,GA,-1.6195,11.6068,19.23,97,95,0.89,overcast clouds
384,Mgandu,TZ,-5.95,34.1333,15.36,80,54,4.01,broken clouds
385,Chivay,PE,-15.6383,-71.6011,3.74,53,3,1.29,clear sky
386,Kholodnyy,RU,62.7167,147.95,13.54,68,90,7.39,light rain
387,San Patricio,US,28.017,-97.5169,29.35,87,2,3.5,clear sky
388,Zacualpan,MX,21.25,-105.1667,26.84,85,100,1.54,overcast clouds
389,Umm Lajj,SA,25.0213,37.2685,29.67,57,0,3.64,clear sky
390,Tasiilaq,GL,65.6145,-37.6368,3.09,98,100,1.28,light rain
391,Andenes,NO,69.3143,16.1194,6.99,87,75,6.69,broken clouds
392,Atambua,ID,-9.1061,124.8925,27.79,62,31,0.75,scattered clouds
393,Vagur,FO,61.4732,-6.8119,9.26,98,100,11.91,moderate rain
394,Vallenar,CL,-28.5708,-70.7581,8.39,83,0,1.58,clear sky
395,Dauphin,CA,51.1494,-100.0502,18.08,72,75,0.0,broken clouds
396,Flin Flon,CA,54.7682,-101.865,7.89,88,55,2.66,broken clouds
397,Peleduy,RU,59.6289,112.7406,26.74,28,1,4.0,clear sky
398,Leh,IN,34.1667,77.5833,14.05,41,99,2.51,overcast clouds
399,Jiaonan,CN,35.8786,119.9753,24.93,71,26,6.12,scattered clouds
400,Rio Gallegos,AR,-51.6226,-69.2181,-0.97,74,0,4.63,clear sky
401,Sao Marcos,BR,-28.9711,-51.0681,11.8,91,100,1.99,overcast clouds
402,Fukue,JP,32.6881,128.8419,25.2,88,75,3.6,broken clouds
403,Lubao,PH,14.9167,120.55,34.84,52,84,3.33,broken clouds
404,Forestville,US,38.8451,-76.875,25.48,82,0,3.6,clear sky
405,Umtata,ZA,-31.5889,28.7844,0.31,100,40,0.0,scattered clouds
406,Tual,ID,-5.6667,132.75,27.66,78,25,6.28,scattered clouds
407,Ossora,RU,59.2353,163.0719,7.63,96,100,3.33,light rain
408,Uyuni,BO,-20.4597,-66.825,0.45,30,11,9.55,few clouds
409,Bitburg,DE,49.9667,6.5333,16.69,71,0,1.54,clear sky
410,Tura,IN,25.5198,90.2201,23.78,97,99,2.74,moderate rain
411,Negombo,LK,7.2083,79.8358,30.03,74,40,4.63,scattered clouds
412,Mbulu,TZ,-3.85,35.5333,12.9,91,83,3.99,broken clouds
413,Majene,ID,-3.5403,118.9707,28.03,76,79,1.58,broken clouds
414,Hobyo,SO,5.3505,48.5268,27.24,74,100,9.07,overcast clouds
415,Orlik,RU,52.5178,99.825,20.17,52,88,3.35,light rain
416,Marystown,CA,47.1666,-55.1483,11.03,100,19,1.68,few clouds
417,Gorkovskiy,RU,45.6542,41.199,18.86,52,8,1.03,clear sky
418,Babai,IN,22.7,77.9333,31.7,56,98,4.51,overcast clouds
419,Mariental,NA,-24.6333,17.9667,11.89,30,15,4.78,few clouds
420,Saint-Francois,FR,46.4154,3.9054,14.82,94,0,1.03,clear sky
421,Mangrol,IN,21.1167,70.1167,30.05,71,90,5.51,overcast clouds
422,Abu Samrah,SY,35.3029,37.1841,26.85,37,0,1.56,clear sky
423,Ucluelet,CA,48.9329,-125.5528,12.83,87,12,1.35,few clouds
424,Alice Springs,AU,-23.7,133.8833,21.75,32,1,5.66,clear sky
425,Jumla,NP,29.2747,82.1838,22.64,50,31,2.98,scattered clouds
426,Broome,US,42.2506,-75.833,22.06,94,0,2.57,mist
427,Tuy Hoa,VN,13.0833,109.3,34.49,51,50,3.8,scattered clouds
428,Puerto Leguizamo,CO,-0.1934,-74.7819,21.4,92,26,0.66,scattered clouds
429,Wilmington,US,34.2257,-77.9447,24.97,77,0,3.09,clear sky
430,Ifo,NG,6.8144,3.1958,22.79,97,97,0.87,light rain
431,Kombissiri,BF,12.0656,-1.3375,23.99,76,86,3.87,overcast clouds
432,Ust-Maya,RU,60.4167,134.5333,20.87,58,98,1.25,light rain
433,Lucapa,AO,-8.4192,20.7447,15.18,41,7,1.95,clear sky
434,Plettenberg Bay,ZA,-34.0527,23.3716,12.94,46,58,4.07,broken clouds
435,Oskarshamn,SE,57.2645,16.4484,14.43,66,11,1.84,few clouds
436,Oistins,BB,13.0667,-59.5333,27.05,78,40,8.23,scattered clouds
437,Araguaina,BR,-7.1911,-48.2072,23.07,70,50,1.44,scattered clouds
438,Quang Ngai,VN,15.1167,108.8,35.53,47,28,3.76,scattered clouds
439,Independence,US,39.0911,-94.4155,29.49,74,0,4.12,clear sky
440,El Sauzal,MX,31.9,-116.6833,16.9,83,36,0.87,scattered clouds
441,Slave Lake,CA,55.2834,-114.769,14.99,77,100,2.06,overcast clouds
442,Bandar-E Lengeh,IR,26.5579,54.8807,31.06,84,4,2.06,mist
443,Taltal,CL,-25.4,-70.4833,12.06,82,2,0.54,clear sky
444,Sitka,US,57.0531,-135.33,16.87,68,61,1.61,broken clouds
445,Omboue,GA,-1.5746,9.2618,21.82,86,99,2.62,overcast clouds
446,Vardo,NO,70.3705,31.1107,4.99,81,100,5.66,overcast clouds
447,Bagdarin,RU,54.4333,113.6,23.17,45,94,0.79,overcast clouds
448,Broken Hill,AU,-31.95,141.4333,14.8,46,60,4.33,broken clouds
449,Sibolga,ID,1.7427,98.7792,29.92,62,90,2.24,overcast clouds
450,Hefei,CN,31.8639,117.2808,34.01,46,20,3.0,few clouds
451,Mpraeso,GH,6.5932,-0.7346,19.16,98,100,1.13,overcast clouds
452,Cerrito,CO,6.8432,-72.694,9.84,89,55,1.7,broken clouds
453,Tabory,RU,58.5198,64.5495,24.21,40,0,1.17,clear sky
454,Asosa,ET,10.0667,34.5333,19.01,80,99,0.86,overcast clouds
455,Oussouye,SN,12.485,-16.5469,24.71,77,100,4.36,overcast clouds
456,Troitsko-Pechorsk,RU,62.7084,56.1964,18.67,76,100,1.02,light rain
457,Adolfo Lopez Mateos,MX,28.4667,-107.3,17.74,55,94,2.13,overcast clouds
458,Gornopravdinsk,RU,60.05,69.9,19.98,40,4,4.47,clear sky
459,Obo,CF,5.3998,26.4869,20.11,95,14,0.56,few clouds
460,Davila,PH,18.4726,120.5763,30.99,70,52,4.64,broken clouds
461,Riyadh,SA,24.6877,46.7219,32.08,15,18,3.17,few clouds
462,Shatrovo,RU,56.5167,64.6333,21.86,71,22,2.75,few clouds
463,Impfondo,CG,1.6381,18.0667,21.58,99,100,1.11,overcast clouds
464,Saran,FR,47.9501,1.876,17.12,78,22,1.54,few clouds
465,The Valley,AI,18.217,-63.0578,27.92,78,100,5.82,overcast clouds
466,Agutaya,PH,11.148,120.9417,29.48,68,48,0.57,scattered clouds
467,Pedernales,DO,18.0384,-71.744,27.42,72,100,1.56,overcast clouds
468,San Policarpo,PH,12.1791,125.5072,29.81,69,60,3.54,broken clouds
469,Hailar,CN,49.2,119.7,25.21,32,11,3.06,few clouds
470,Port Blair,IN,11.6667,92.75,30.02,74,40,5.14,scattered clouds
471,Acapulco,MX,16.8634,-99.8901,24.9,88,100,0.0,overcast clouds
472,Vaitape,PF,-16.5167,-151.75,26.9,69,3,7.58,clear sky
473,Altay,CN,47.8667,88.1167,21.46,33,84,5.56,broken clouds
474,Tateyama,JP,34.9833,139.8667,25.61,80,100,9.38,light rain
475,Hovd,MN,48.0056,91.6419,23.1,19,99,2.05,overcast clouds
476,Faya,SA,18.3851,42.4509,21.29,20,0,4.35,clear sky
477,Galle,LK,6.0367,80.217,28.11,74,97,4.9,overcast clouds
478,Freeport,US,40.6576,-73.5832,21.37,81,100,7.2,overcast clouds
479,Shanhetun,CN,44.7,127.2,23.32,66,89,5.7,overcast clouds
480,Dimona,IL,31.0667,35.0333,22.43,64,2,4.11,clear sky
481,Yulara,AU,-25.2406,130.9889,22.53,30,50,3.95,scattered clouds
482,Raga,SS,8.4596,25.678,22.24,83,69,1.59,broken clouds
483,Beringovskiy,RU,63.05,179.3167,8.44,70,11,2.52,few clouds
484,Nuuk,GL,64.1835,-51.7216,4.34,81,75,13.38,light snow
485,Dwarka,IN,22.2394,68.9678,30.45,72,66,6.53,broken clouds
486,Dunedin,NZ,-45.8742,170.5036,7.67,64,21,1.34,few clouds
487,Sangueya,GN,10.7,-14.3667,24.75,92,100,1.3,overcast clouds
488,Kaihua,CN,23.3687,104.28,23.6,76,100,2.6,overcast clouds
489,Verkh-Usugli,RU,52.7,115.1667,26.39,30,90,0.39,overcast clouds
490,Lere,NG,10.387,8.5726,20.4,92,100,1.82,light rain
491,Hokitika,NZ,-42.7167,170.9667,11.61,83,88,0.81,overcast clouds
492,Saint-Georges,GD,12.0564,-61.7485,26.8,72,4,6.21,clear sky
493,Vilyuysk,RU,63.7553,121.6247,20.42,37,82,3.82,broken clouds
494,Acarau,BR,-2.8856,-40.12,23.11,87,18,4.82,few clouds
495,Uruzgan,AF,32.8333,66.0,28.47,16,0,4.29,clear sky
496,Rudbar,AF,30.15,62.6,37.53,12,0,6.24,clear sky
497,Agadez,NE,19.75,10.25,29.78,25,97,5.02,overcast clouds
498,Maragogi,BR,-9.0122,-35.2225,22.73,91,100,3.12,overcast clouds
499,Udachnyy,RU,66.4167,112.4,23.03,30,55,2.6,broken clouds
500,Lixourion,GR,38.2019,20.4314,23.85,69,0,0.89,clear sky
501,Odienne,CI,9.51,-7.5692,20.46,98,100,2.12,light rain
502,Boke,GN,10.9409,-14.2967,23.88,96,100,1.19,overcast clouds
503,Katobu,ID,-4.9408,122.5276,26.31,87,100,2.65,overcast clouds
504,Lengshuitan,CN,26.4111,111.5956,22.44,98,100,0.34,overcast clouds
505,Metro,ID,-5.1131,105.3067,25.41,87,100,1.2,moderate rain
506,Tommot,RU,58.9564,126.2925,14.79,86,100,3.8,moderate rain
507,Port Keats,AU,-14.25,129.55,32.76,20,6,3.39,clear sky
508,Burnie,AU,-41.0667,145.9167,13.3,80,81,3.34,broken clouds
509,Bawana,IN,28.8,77.0333,34.05,36,88,3.31,overcast clouds
510,Vestmannaeyjar,IS,63.4427,-20.2734,8.86,90,100,4.24,overcast clouds
511,Kropotkin,RU,45.4375,40.5756,19.73,58,8,0.73,clear sky
512,Kamen-Rybolov,RU,44.7481,132.0403,19.46,80,75,5.82,broken clouds
513,Pandamatenga,BW,-18.5278,25.627,9.71,34,0,2.17,clear sky
514,Sheridan,US,44.8333,-106.9173,22.21,37,0,5.14,clear sky
515,Xining,CN,36.6167,101.7667,24.33,29,73,0.91,broken clouds
516,Villarrica,PY,-25.75,-56.4333,18.87,98,100,1.95,overcast clouds
517,Norsup,VU,-16.0667,167.3833,27.09,81,100,5.52,overcast clouds
518,Nhulunbuy,AU,-12.2333,136.7667,29.34,58,89,8.75,overcast clouds
519,Axim,GH,4.8699,-2.2405,24.08,89,88,4.81,light rain
520,Sakaraha,MG,-22.9,44.5333,14.66,74,3,2.53,clear sky
521,Arman,RU,59.7,150.1667,11.12,94,100,1.34,overcast clouds
522,Kattivakkam,IN,13.2167,80.3167,33.93,68,70,4.12,broken clouds
523,Bulungu,CD,-4.55,18.6,20.2,87,87,0.44,overcast clouds
524,Korla,CN,41.7597,86.1469,29.29,21,100,6.75,overcast clouds
525,Salinopolis,BR,-0.6136,-47.3561,25.17,81,61,2.94,broken clouds
526,Comodoro Rivadavia,AR,-45.8667,-67.5,3.92,60,0,6.17,clear sky
527,Florianopolis,BR,-27.6146,-48.5012,16.57,91,75,5.14,broken clouds
528,Smithers,CA,54.7804,-127.1743,12.18,94,100,2.06,overcast clouds
529,Olafsvik,IS,64.8945,-23.7142,8.93,86,100,5.88,overcast clouds
530,Marawi,PH,7.9986,124.2928,25.19,85,71,2.2,broken clouds
531,Avera,US,33.194,-82.5271,27.43,62,25,3.32,scattered clouds
532,Yaring,TH,6.8662,101.3689,30.36,68,93,1.35,overcast clouds
533,Gotsu,JP,35.0,132.2167,25.05,66,1,3.9,clear sky
534,Ternate,ID,0.8,127.4,28.87,71,69,2.9,broken clouds
535,Ust-Nera,RU,64.5667,143.2,17.85,47,93,1.7,overcast clouds
536,Ramhormoz,IR,31.28,49.6035,36.33,8,0,1.44,clear sky
537,Capitan Bado,PY,-23.2667,-55.5333,20.97,67,1,5.51,clear sky
538,Vladimirskaya,RU,44.5455,40.7933,18.65,61,7,1.02,clear sky
539,Cururupu,BR,-1.8283,-44.8683,22.71,93,45,0.91,scattered clouds
540,Rameswaram,IN,9.2833,79.3,27.85,73,100,1.84,overcast clouds
541,Sfantu Gheorghe,RO,45.8667,25.7833,17.37,68,76,0.16,broken clouds
542,Alta,NO,69.9689,23.2717,5.59,81,75,1.03,broken clouds
543,Palmer,US,42.1584,-72.3287,19.02,78,100,7.2,overcast clouds
544,Zhezkazgan,KZ,47.8043,67.7144,27.99,21,0,3.0,clear sky
545,Charters Towers,AU,-20.1,146.2667,25.43,45,19,1.34,few clouds
546,Jurm,AF,36.8648,70.8342,21.59,43,93,3.34,overcast clouds
547,Verkhnyaya Inta,RU,65.9811,60.3094,18.53,60,100,4.25,overcast clouds
548,Northam,GB,51.0333,-4.2167,15.9,56,96,4.68,overcast clouds
549,Cap Malheureux,MU,-19.9842,57.6142,22.48,75,5,1.34,clear sky
550,Berlevag,NO,70.8578,29.0864,4.97,81,100,5.14,overcast clouds
551,Kushmurun,KZ,52.4503,64.6311,25.56,43,68,0.18,broken clouds
552,Kozhevnikovo,RU,56.2589,83.9714,19.03,84,87,4.68,light rain
553,Yamada,JP,39.4667,141.95,23.64,65,94,3.79,overcast clouds
554,Wanaka,NZ,-44.7,169.15,3.24,94,31,1.04,scattered clouds
555,Glendive,US,47.1053,-104.7125,18.79,66,0,3.6,clear sky
556,Chodavaram,IN,17.8333,82.95,30.91,53,86,3.63,overcast clouds
557,Mount Gambier,AU,-37.8333,140.7667,15.32,65,71,1.63,broken clouds
558,Tautira,PF,-17.7333,-149.15,26.11,71,50,6.93,scattered clouds
559,Los Lunas,US,34.8062,-106.7334,26.9,42,65,1.42,broken clouds
560,Atherton,GB,53.5237,-2.4935,18.77,66,99,0.89,overcast clouds
561,Buchmany,UA,51.0689,28.0421,15.53,74,92,1.24,overcast clouds
562,Casablanca,MA,33.5928,-7.6192,20.12,84,22,3.93,few clouds
563,Astara,AZ,38.5,48.6667,22.39,54,0,2.32,clear sky
564,Havelock,US,34.8791,-76.9013,26.09,85,0,3.09,clear sky
565,Nushki,PK,29.5542,66.0215,35.31,9,0,3.67,clear sky
566,Huilong,CN,31.8111,121.655,28.5,63,15,5.31,few clouds
567,General Pico,AR,-35.6566,-63.7568,6.02,59,0,4.12,clear sky
568,Matagami,CA,49.7502,-77.6328,17.06,72,40,3.6,scattered clouds
569,Clearlake,US,38.9582,-122.6264,13.42,65,100,3.87,overcast clouds
570,Tabou,CI,4.423,-7.3528,24.51,89,100,5.39,moderate rain
571,Omsukchan,RU,62.5333,155.8,9.07,79,100,1.7,light rain
572,Puebloviejo,CO,10.9938,-74.2844,28.1,74,75,5.14,broken clouds
573,Santa Fe,AR,-31.6333,-60.7,10.0,91,50,3.13,light rain
574,Chara,RU,56.9064,118.2631,21.46,39,82,1.42,light rain
575,Saint Anthony,US,45.0205,-93.218,21.53,65,0,3.6,clear sky
576,Kirakira,SB,-10.4544,161.9205,28.03,77,80,4.0,broken clouds
577,Bonito,BR,-21.1211,-56.4819,21.68,67,5,2.22,clear sky
578,Manjacaze,MZ,-24.7117,33.8828,13.0,70,0,0.87,clear sky
579,Komsomolskiy,UZ,40.4272,71.7189,26.4,36,85,2.06,overcast clouds
580,College,US,64.8569,-147.8028,22.26,51,75,3.6,broken clouds
581,Kamenka,RU,51.3223,42.7678,16.42,80,37,3.17,scattered clouds
582,Souillac,MU,-20.5167,57.5167,19.21,94,20,1.54,few clouds
583,Nedjo,ET,9.5046,35.5019,16.06,92,65,1.68,broken clouds
584,Mattru,SL,7.6244,-11.8332,20.82,98,100,2.65,moderate rain
585,Baruun-Urt,MN,46.6806,113.2792,23.81,39,100,6.85,overcast clouds
586,Tecoanapa,MX,16.5167,-98.75,25.22,82,100,0.81,overcast clouds
587,Quijingue,BR,-10.7525,-39.2092,15.79,96,2,0.81,clear sky
588,Quibor,VE,9.9287,-69.6201,21.62,82,37,2.56,scattered clouds
589,Guiratinga,BR,-16.3494,-53.7583,20.98,66,23,1.18,few clouds
590,Boundiali,CI,9.5217,-6.4869,20.79,97,99,1.8,overcast clouds
591,Coffs Harbour,AU,-30.3,153.1333,20.63,49,11,4.12,few clouds
592,Lerwick,GB,60.1545,-1.1494,12.0,95,100,10.34,light rain
593,Terra Rica,BR,-22.7094,-52.6169,17.35,65,0,3.26,clear sky
594,Nabire,ID,-3.3667,135.4833,27.99,79,53,1.12,light rain
595,Eirunepe,BR,-6.6603,-69.8736,21.5,98,87,1.15,overcast clouds
596,Puerto Escondido,MX,15.85,-97.0667,25.41,82,99,3.11,overcast clouds
597,Osmena,PH,10.5208,119.9258,29.93,65,54,1.71,broken clouds
598,Seoul,KR,37.5683,126.9778,26.66,61,75,2.06,haze
599,Kodinsk,RU,58.6881,99.1844,19.83,81,100,4.79,light rain
600,Esmeraldas,BR,-19.7625,-44.3139,14.48,77,0,1.39,clear sky
601,Sidi Ali,DZ,36.0998,0.4206,25.27,43,45,2.82,scattered clouds
602,Black River,JM,18.0264,-77.8487,25.9,78,100,1.67,overcast clouds
603,Necochea,AR,-38.5473,-58.7368,7.95,66,0,6.02,clear sky
604,Curitibanos,BR,-27.2828,-50.5844,12.42,86,96,1.78,overcast clouds
605,Turmero,VE,10.2239,-67.4729,21.8,83,10,1.15,clear sky
606,Aykhal,RU,66.0,111.5,21.62,40,47,2.64,scattered clouds
607,Manado,ID,1.487,124.8455,31.43,66,40,1.54,light rain
608,Yar-Sale,RU,66.8333,70.8333,15.79,38,43,2.4,scattered clouds
609,Beihai,CN,21.4833,109.1,28.92,80,100,7.72,heavy intensity rain
610,Behbahan,IR,30.5959,50.2417,36.82,6,0,0.73,clear sky
611,Guymon,US,36.6828,-101.4816,27.0,44,0,4.12,clear sky
612,Sinjai,ID,-5.1241,120.253,27.89,78,98,1.27,overcast clouds
613,Haines Junction,CA,60.7522,-137.5108,22.97,27,94,1.54,overcast clouds
614,Sungaipenuh,ID,-2.0833,101.3833,24.37,74,84,1.71,broken clouds
615,Kenitra,MA,34.261,-6.5802,17.42,89,6,2.01,clear sky
616,Half Moon Bay,US,37.4636,-122.4286,14.38,78,0,9.26,clear sky
617,Monaghan,IE,54.25,-6.9667,15.22,65,100,6.0,overcast clouds
618,Manzhouli,CN,49.6,117.4333,25.43,35,23,3.19,few clouds
619,Guane,CU,22.2025,-84.0875,25.07,81,60,1.99,light rain
620,Quatre Cocos,MU,-20.2078,57.7625,22.27,62,11,4.91,few clouds
621,Strezhevoy,RU,60.7333,77.5889,20.08,55,26,3.56,scattered clouds
622,Ola,RU,59.5833,151.2833,11.19,85,100,1.23,overcast clouds
623,Nguruka,TZ,-5.1092,31.0419,18.38,58,70,2.19,broken clouds
624,Derzhavinsk,KZ,51.1,66.3167,26.5,33,66,1.23,broken clouds
625,Le Pradet,FR,43.1066,6.0172,21.49,88,0,1.54,clear sky
626,Shelburne,CA,44.0787,-80.2041,21.44,66,0,6.32,clear sky
627,Grand Gaube,MU,-20.0064,57.6608,22.43,75,6,1.34,clear sky
628,Lubu,CN,23.1742,112.2809,27.42,89,100,1.17,overcast clouds
629,Kashi,CN,39.4547,75.9797,28.56,10,0,5.0,clear sky
630,Bograd,RU,54.2344,90.8328,19.57,49,53,1.58,broken clouds
631,Santander,ES,43.4647,-3.8044,21.92,84,0,1.34,clear sky
632,Snasa,NO,64.2457,12.3778,10.67,90,99,1.4,overcast clouds
633,Khilchipur,IN,24.0333,76.5667,33.15,46,100,5.6,overcast clouds
634,Puerto Madero,MX,14.7208,-92.4215,24.84,82,100,1.52,overcast clouds
635,Filingue,NE,14.3521,3.3168,28.0,57,70,2.43,broken clouds
636,Ugoofaaru,MV,5.6667,73.0,28.3,75,95,4.63,overcast clouds
637,Mecca,SA,21.4267,39.8261,33.48,22,32,1.61,scattered clouds
638,Chardara,KZ,41.2547,67.9692,29.38,35,37,2.65,scattered clouds
639,Nanortalik,GL,60.1432,-45.2371,3.2,86,95,3.16,overcast clouds
640,Sereflikochisar,TR,38.9393,33.5386,19.53,59,0,3.96,clear sky
641,Rovaniemi,FI,66.5,25.7167,7.67,81,40,4.63,scattered clouds
642,Adelaide,AU,-34.9333,138.6,17.27,64,75,5.66,broken clouds
643,Chernyshevskiy,RU,63.0128,112.4714,22.28,29,57,2.07,broken clouds
644,Anajatuba,BR,-3.2644,-44.6197,22.31,92,66,0.66,broken clouds
645,Lichinga,MZ,-13.3128,35.2406,13.05,82,20,5.14,few clouds
646,Porto Santo,PT,33.072,-16.3415,18.21,82,40,4.63,scattered clouds
647,Joshimath,IN,30.5667,79.5667,22.77,69,91,2.82,overcast clouds
648,Syamzha,RU,60.0158,41.0614,15.33,63,10,4.79,clear sky
649,Akdepe,TM,42.0551,59.3788,30.05,13,1,4.89,clear sky
650,North Platte,US,41.1239,-100.7654,22.94,53,0,5.36,clear sky
651,Coroico,BO,-16.1889,-67.7271,11.63,83,2,1.63,clear sky
652,San Lawrenz,MT,36.0553,14.204,22.14,89,0,3.39,clear sky
653,Kupang,ID,-10.1667,123.5833,30.22,59,40,6.88,scattered clouds
654,Santa Rosa,PH,14.3122,121.1114,33.99,59,96,1.73,overcast clouds
655,Chapais,CA,49.7834,-74.8492,19.88,93,34,4.76,scattered clouds
656,Palia Kalan,IN,28.45,80.5833,39.03,29,0,2.82,clear sky
657,Yuancheng,CN,36.652,107.7896,31.62,13,88,5.85,overcast clouds
658,Zhanaozen,KZ,43.3,52.8,30.92,20,15,8.05,few clouds
659,Mariana,BR,-20.3778,-43.4161,12.04,83,0,0.79,clear sky
660,Quchan,IR,37.106,58.5095,23.27,36,2,4.02,clear sky
661,Nantucket,US,41.2835,-70.0995,19.06,88,100,7.72,overcast clouds
662,Sri Aman,MY,1.2376,111.4621,29.03,84,40,1.03,light rain
663,Bodmin,GB,50.4715,-4.7243,17.98,63,99,6.69,overcast clouds
664,Honggang,CN,46.4667,124.8667,26.9,32,0,6.55,clear sky
665,Hirara,JP,24.8,125.2833,28.15,94,75,6.17,heavy intensity rain
666,Ostersund,SE,63.1792,14.6357,11.25,87,20,2.06,few clouds
667,Daska,PK,32.3243,74.3497,26.99,46,60,5.01,broken clouds
668,Severobaykalsk,RU,55.65,109.3167,16.41,61,89,1.73,overcast clouds
669,Draguignan,FR,43.5333,6.4667,20.47,88,10,1.54,clear sky
670,Wattegama,LK,6.7989,81.4808,27.74,64,100,2.91,overcast clouds
671,Inirida,CO,3.8653,-67.9239,21.39,98,76,0.22,broken clouds
672,Nenjiang,CN,49.1833,125.2167,27.02,29,7,5.61,clear sky
673,Oktyabrskoye,RU,43.0645,44.7417,18.08,82,97,3.0,light rain
674,Marathon,US,44.9,-89.7668,19.58,72,0,3.6,clear sky
675,Salisbury,GB,51.0693,-1.7957,15.25,74,87,2.57,overcast clouds
